RegionName,1996-04,1996-05,1996-06,1996-07,1996-08,1996-09,1996-10,1996-11,1996-12,1997-01,1997-02,1997-03,1997-04,1997-05,1997-06,1997-07,1997-08,1997-09,1997-10,1997-11,1997-12,1998-01,1998-02,1998-03,1998-04,1998-05,1998-06,1998-07,1998-08,1998-09,1998-10,1998-11,1998-12,1999-01,1999-02,1999-03,1999-04,1999-05,1999-06,1999-07,1999-08,1999-09,1999-10,1999-11,1999-12,2000-01,2000-02,2000-03,2000-04,2000-05,2000-06,2000-07,2000-08,2000-09,2000-10,2000-11,2000-12,2001-01,2001-02,2001-03,2001-04,2001-05,2001-06,2001-07,2001-08,2001-09,2001-10,2001-11,2001-12,2002-01,2002-02,2002-03,2002-04,2002-05,2002-06,2002-07,2002-08,2002-09,2002-10,2002-11,2002-12,2003-01,2003-02,2003-03,2003-04,2003-05,2003-06,2003-07,2003-08,2003-09,2003-10,2003-11,2003-12,2004-01,2004-02,2004-03,2004-04,2004-05,2004-06,2004-07,2004-08,2004-09,2004-10,2004-11,2004-12,2005-01,2005-02,2005-03,2005-04,2005-05,2005-06,2005-07,2005-08,2005-09,2005-10,2005-11,2005-12,2006-01,2006-02,2006-03,2006-04,2006-05,2006-06,2006-07,2006-08,2006-09,2006-10,2006-11,2006-12,2007-01,2007-02,2007-03,2007-04,2007-05,2007-06,2007-07,2007-08,2007-09,2007-10,2007-11,2007-12,2008-01,2008-02,2008-03,2008-04,2008-05,2008-06,2008-07,2008-08,2008-09,2008-10,2008-11,2008-12,2009-01,2009-02,2009-03,2009-04,2009-05,2009-06,2009-07,2009-08,2009-09,2009-10,2009-11,2009-12,2010-01,2010-02,2010-03,2010-04,2010-05,2010-06,2010-07,2010-08,2010-09,2010-10,2010-11,2010-12,2011-01,2011-02,2011-03,2011-04,2011-05,2011-06,2011-07,2011-08,2011-09,2011-10,2011-11,2011-12,2012-01,2012-02,2012-03,2012-04,2012-05,2012-06,2012-07,2012-08,2012-09,2012-10,2012-11,2012-12,2013-01,2013-02,2013-03,2013-04,2013-05,2013-06,2013-07,2013-08,2013-09,2013-10,2013-11,2013-12,2014-01,2014-02,2014-03,2014-04,2014-05,2014-06,2014-07,2014-08,2014-09,2014-10,2014-11,2014-12,2015-01,2015-02,2015-03,2015-04,2015-05,2015-06,2015-07,2015-08,2015-09,2015-10,2015-11,2015-12,2016-01,2016-02,2016-03,2016-04,2016-05,2016-06,2016-07,2016-08,2016-09,2016-10,2016-11
Cook,128700,129000,128900,128600,128400,128400,128500,128800,129000,129300,129800,130100,130100,130000,129900,130100,130300,130800,131300,131700,132100,132700,133400,133700,133600,133800,134100,134600,135000,135400,136000,136700,137200,137600,138400,139100,139900,140900,141700,142300,143200,144200,145200,146200,147200,148400,149900,151400,152600,153700,154700,155800,156900,158100,159200,160600,162300,163900,165100,166300,167700,169200,170500,171600,172600,173900,175600,177100,178500,180000,181200,182600,183800,184300,184400,185100,186600,188200,190000,191700,193400,194800,196500,198700,200900,204200,208800,212900,215000,215800,215400,214900,214900,215500,216300,216900,218000,219100,220100,221500,223500,225300,226900,228500,230300,232000,233600,235300,236900,238400,239900,241400,242900,244600,246600,248400,249800,251100,252600,253900,254900,255400,255600,255800,256200,256300,256900,257800,258300,258500,258900,258800,258200,257300,256200,255300,254600,254300,254000,253700,252700,251200,249700,247600,245200,242700,239900,236900,234800,233100,230900,228400,226500,225100,223600,222000,220300,217700,215300,213300,211700,210600,210000,209400,208300,207000,205100,203000,201600,201100,199700,197700,195600,193800,191600,189000,186900,185900,185000,183400,180700,178300,176400,174500,172300,170300,168600,167400,166400,165000,163900,163500,163600,164000,164900,165900,166200,165200,164400,164300,164600,164700,164900,165400,166900,169000,172000,174500,175900,177100,178400,179600,180400,181100,181700,182100,182400,182900,183100,183400,184700,186000,186600,187000,187100,186900,187400,188900,191000,192400,193100,193700,194800,195700,196300,196700,197000,196900,197200,198500,200200,201000,201600,202300,203100,203700,204800,205800
Du Page,161200,161000,161200,161500,162100,162700,163000,163300,163800,164500,165400,166300,167000,167500,167800,168100,168600,169000,169300,169500,170000,170600,171300,172000,172700,173400,173900,174200,174400,175100,176400,177800,179000,180100,180900,181500,181900,182300,182900,183700,184400,185200,186300,187400,188400,189100,190100,191600,193100,194500,196100,197600,199100,200400,201700,202900,204100,205300,206600,208100,209600,211300,212900,214500,216100,217800,219300,220900,222500,224300,225500,226600,228000,229800,231500,233200,234800,236400,237900,239400,241100,242700,244500,246300,247900,249200,250500,251800,253300,254500,255800,257200,258600,260100,262000,263800,265600,267500,269800,271900,273900,276100,278200,280200,282300,284800,287400,289800,292000,293800,295500,297900,300200,302200,304300,306800,309000,310700,312000,313300,314900,316200,316800,316900,317400,318500,318800,318500,318400,318900,319300,319500,319500,319300,318600,317600,316000,314100,312600,311500,309900,307700,305500,303100,301000,299300,297500,295300,293800,293200,292900,291800,289500,286900,284000,280800,277500,274600,272100,270100,268900,268300,268100,267400,265600,263800,263200,262200,259800,256800,254100,251400,248400,244700,240900,238900,238900,239400,238700,237900,237200,236100,234300,232500,231100,229800,227700,225300,223800,222300,220200,218700,218900,220800,224000,227700,229600,229600,230100,231200,231000,230800,232000,234000,235700,237200,238800,240700,242600,244200,244900,245300,246600,248000,249100,250500,252300,254000,255100,255600,255700,255900,255900,255300,254800,255000,255800,256800,257900,258700,258900,258100,257500,257700,258600,259500,260200,260800,261900,262700,263600,264400,264800,265000,266000,268300,270900,272500
Lake,170700,170400,169800,168800,167800,167100,167000,167500,168000,168600,169200,169600,169900,170400,171000,171600,171800,172200,173300,174600,175400,176200,177100,177800,178000,177900,177700,177900,178200,178700,179400,180000,180600,181200,181900,182500,182900,183000,183000,183300,184100,184500,184800,185500,186700,187800,188900,190100,191400,192500,193900,195500,197100,198700,199600,200200,201500,203300,204600,205500,206700,208300,209800,211100,212600,214500,216500,218000,218900,219800,221100,222700,224000,225200,226900,228800,230900,233100,235000,236500,238000,239300,240500,241700,242800,244100,245500,246800,247400,247900,248700,249300,249600,250400,251300,252400,254000,255800,257200,258900,260800,262600,264200,265600,266900,267900,269000,270300,272000,274000,275600,276600,277700,278500,279300,280900,282400,283300,284200,284900,285200,285200,285300,285700,286100,286200,286300,286800,287000,286900,287200,287900,287900,287100,286200,285000,283500,281900,280200,278200,275700,273200,271200,269000,266400,264300,262700,260300,257200,254500,252200,250000,248400,247600,246500,244300,241400,238000,234700,232800,231600,230700,230100,229200,229000,229400,229000,226800,224400,222700,221100,218900,217200,215400,212800,210700,209400,207300,204400,203600,204900,205100,203900,203100,201500,199500,198800,198800,197400,195700,194800,194600,194500,195200,196400,197300,197900,198400,198700,198500,197400,196100,195500,195500,196200,198200,200800,202800,204800,206900,208400,209300,210800,213200,214700,215100,215300,215300,215400,215900,217100,217900,218000,218200,218700,219400,220500,221700,222000,221800,221500,221800,222200,222400,222600,223100,223600,224000,225100,226200,227000,228000,228400,228100,228200,229300,230500,231200
Will,131900,131600,131700,132000,132500,133000,133500,133900,134300,134900,135200,135200,135900,136600,137000,137000,137300,137500,137600,137800,138200,138600,139000,139200,139300,139400,139400,139400,139400,139300,139400,139600,140000,140300,140900,141900,142700,142900,143100,143600,144300,145000,145400,145900,146700,147700,148800,150000,150900,151400,151900,152400,152600,153100,153700,154400,155100,155900,156800,157700,158500,159400,160200,160800,161600,162600,163500,164300,165100,165900,166600,167200,167900,168600,169500,170600,171400,172100,172900,174100,175400,176800,177800,178400,178900,179900,181400,182600,183300,184100,185300,186500,187300,188100,189000,190100,191100,191900,192700,193800,195500,197100,198500,199900,201400,202600,204000,205600,207500,209600,211400,213100,214900,216700,217800,218700,219500,220400,221500,222600,223500,224400,225200,225800,226100,226300,226700,226800,226800,226700,226700,226500,226300,226000,226000,225800,225200,224300,223500,222700,221600,220200,218900,217700,216500,215300,214000,212500,211300,210500,209700,208200,206700,206200,205700,203800,201300,199400,197900,196600,195600,195200,194700,194300,193900,193500,192900,192200,191400,190500,189200,187100,184700,181800,178900,177100,176900,176200,174500,173800,173500,172000,170000,169500,169700,169600,169100,168700,166900,164500,162500,161700,161700,162100,162700,163500,163600,163300,163600,164100,164300,164200,164600,166000,167800,169200,170200,170800,171400,172700,174200,175100,175600,176400,177500,178400,179300,180600,181800,182200,182300,182500,182400,181900,182100,183100,184000,183900,183300,183300,183800,184400,185100,185900,186800,188100,189400,190500,191400,191700,191500,191800,192800,193900,195200,196300,196700,197100
Kane,,,,,,,,,,,,148800,148800,148400,148000,147900,148200,148600,149000,149500,150100,150600,150900,151300,151700,152000,152200,152500,153000,153200,153300,153400,153800,154200,154700,155200,155900,157200,158700,159800,160300,161000,162000,163000,163700,164700,165600,166200,166700,167800,168900,169700,170500,171600,173100,174500,175700,176700,177700,178300,178900,179600,180300,181400,182700,183700,184300,185000,186000,187000,187900,189100,190500,191800,193100,194100,194800,195700,196800,198000,198900,199800,200700,201800,202800,203500,204300,205200,205900,206400,207000,208200,210000,211600,212900,213800,214700,215800,217200,218700,220400,221900,223200,224700,226000,227400,228900,230900,232800,234000,234800,235700,236700,238100,239500,240700,242100,243800,244800,245500,246400,247100,247800,248300,248400,248600,248800,248500,247900,247600,247600,247700,247600,247500,246800,245600,244400,243100,241500,240100,239500,239200,238400,236900,235500,234800,234200,233100,231900,230700,229600,228000,226600,225600,224200,221900,220200,218700,217500,216800,216600,215900,214700,214000,211300,207300,205100,204600,202600,200300,198600,197400,196200,194800,193100,191500,190100,188700,186800,185000,183600,181500,179000,176400,174200,172300,171200,170500,169800,169100,168300,167500,167200,167200,167300,167600,167800,168300,168800,169100,169400,170200,171100,172300,172900,173000,173800,175200,176700,178300,179500,180500,181700,182700,183600,184700,185700,186600,187500,188400,189400,189800,189400,189200,189700,190500,191200,192200,194100,196500,198200,198600,198200,198000,198300,198700,199500,200700,201500,201400,201900,203100,204200,204800,205300,206100,207500,208700
McHenry,151500,151300,151300,151500,151500,151400,151300,151300,151500,152100,152500,152600,152600,152600,152500,152200,152100,152500,152900,153100,153300,153600,153900,154300,154500,154400,154600,154900,155300,155500,155700,155700,155800,156100,156800,157100,157400,157600,157900,158400,159000,159200,160000,161400,163000,164100,165000,165900,166900,168100,169400,170600,171600,172700,173700,174600,175500,176100,177000,178300,179800,180600,181000,181300,182100,183300,184200,184900,185900,187400,188700,189400,189900,190800,191900,192800,193700,194600,195400,196600,197800,198900,199900,201100,202400,203700,205000,206700,208400,210000,211200,212200,212800,213500,214700,215900,217100,218500,220200,221900,223400,224700,226100,227900,229800,231000,231900,233400,235300,236700,237700,238800,239800,240600,241500,242600,243800,245000,245800,246200,246500,246800,246900,246700,246000,245600,245900,246300,246500,246900,247500,247700,247900,247800,247400,246600,246000,245200,244200,242400,240500,238600,236600,234400,232500,231000,229700,228000,225900,223900,221500,218800,217300,217400,217100,215500,213200,211000,209000,207300,206200,205600,205200,205600,204100,200300,197000,195800,194600,193600,192400,191100,190000,188900,187800,185500,182800,181400,180900,179500,177400,175000,172300,169900,167300,164800,162700,161500,160900,160300,159600,159100,158700,158400,158900,160400,162300,163000,162500,161300,160900,160800,160800,161100,162500,164000,165700,166900,167500,168500,170100,171700,172700,172900,173100,173800,174400,174700,175900,177600,179000,179500,179900,180800,182700,184500,185200,185100,185500,185900,185500,185000,184900,185000,185000,185400,186000,187100,188300,189700,191300,192600,193000,192700,192800,193700,195500,197200
Winnebago,,,,,,,,,,,86100,86400,86100,86000,85900,86100,86500,86700,86900,86900,86800,87200,87500,86800,85800,85200,84700,84500,85000,85500,85600,85500,85600,86100,86700,86700,86500,86400,86500,86900,87400,88000,88700,89100,89300,89700,90200,90600,90500,90300,90500,91400,92100,92100,92300,92700,93000,93300,93600,93500,93500,93500,93500,93700,94100,94500,94800,95100,95400,95700,96000,96400,96900,97400,98200,99200,100300,100900,101300,101800,102300,102300,102500,103200,103900,104200,104700,105200,105500,105700,106100,106400,106700,107600,108500,108900,109100,109800,110300,110300,110500,111000,111700,112300,112900,113600,114300,115100,116000,116700,117400,117900,118400,118900,119600,120300,121000,121700,122400,122800,122900,123100,123400,123800,124200,124700,125100,125800,126100,125800,125400,125600,126000,126500,126800,126900,127000,127000,126600,126200,126400,126600,126500,126300,125900,125100,124100,123700,123900,124300,124200,123500,122500,121800,121300,120900,120600,120000,119200,118500,117900,117500,116900,116000,115200,114500,113600,112400,111800,111600,111300,110200,108900,107800,107300,106500,105100,103900,103000,101600,100000,99000,99100,99600,99300,98000,96600,96300,96500,96200,95600,95300,95100,94500,93600,92700,92300,92000,91700,91100,90700,90700,90500,90200,90100,90400,90400,90300,90100,90100,90300,90400,90300,90100,90300,90600,90300,89400,88500,87900,87400,86700,86400,86400,86400,86400,86600,86600,86700,87100,87800,88500,89200,89900,90600,90800,91000,91300,91900,93100,94300,95000,95300,95600,96000,96800,97400,97800
Saint Clair,67300,67400,67700,68700,69600,69700,69900,70300,70300,70300,70400,70500,70500,70500,70800,70800,70300,69700,69600,69600,69700,70100,70200,70400,70700,70800,70700,70800,71100,71200,71300,71500,71700,71800,72000,72000,71900,72200,72400,72200,72100,72400,73000,73400,73600,74000,74700,75100,75300,75600,75700,75400,75600,76600,77400,77400,77500,77800,78400,79200,79900,80300,80500,80600,80900,81100,80900,81200,82000,82600,83000,83600,84100,84600,85100,85700,86200,86500,86900,87500,88200,88800,89200,89700,90100,90300,90700,91300,91600,91600,91900,92200,92300,92200,92100,92300,93200,94300,95300,96400,97600,98400,98900,99500,100100,100500,100800,101200,101500,101600,102100,102800,103400,104300,105100,105700,106300,107500,109000,109800,110200,110600,110800,110800,111100,111600,112100,112600,113000,113300,113700,114100,114000,113600,113500,113700,113800,113500,113200,113000,112900,112900,112300,111500,111300,111600,111800,111300,110500,110000,109500,108800,108500,108500,108600,108200,107500,107000,106900,107000,106700,106300,105900,106000,104400,101700,100300,100500,100400,99300,98200,97700,97500,97500,97800,97800,97900,98500,97600,95700,94600,94500,93900,92900,92100,91600,90800,90100,90000,89800,89600,89500,89300,89100,89300,89400,89300,88800,88500,88400,88100,88000,88500,88800,88800,88700,88400,87800,87500,87400,87300,87000,86700,86800,87100,87000,86900,86800,86600,86100,85600,85200,84500,84100,83900,84000,83900,84100,84300,84400,84800,85500,86200,86900,87200,87200,87500,87700,88100,89100,90300,90900,91400,92000,92700,93100,93500,93800
Champaign,,,,,,,,,,,78800,81800,84300,86000,86900,87900,88800,88900,88300,87800,87200,86200,85200,84300,83300,82000,81000,80600,80800,81400,82100,82800,83700,84800,85800,86900,88000,88700,88900,89000,89200,89300,89700,90000,90200,90200,90200,90000,90000,90500,91300,91700,92000,92100,92300,92800,93200,93700,94900,96300,97400,98100,98700,99000,99000,99200,99700,99800,99300,99200,99700,100600,101100,101500,102100,102900,104000,104900,105500,106200,107300,108100,108600,109000,109600,110200,111100,112000,113100,114300,115300,116000,116800,117600,118100,118500,118600,118900,119000,119000,119500,120500,121600,122300,123200,124300,125100,125600,126600,127500,128100,129000,129600,129700,130100,130900,131600,131900,132400,133000,133400,133500,133600,133500,133000,132200,131400,130800,130400,130300,130500,131100,131800,132600,133300,133800,134400,134800,135100,135300,135100,134900,134300,133200,131800,130900,130800,131000,131100,131100,131200,131300,131100,131000,131200,131500,131400,131000,130800,130700,130400,130300,130200,130000,130500,131000,130900,130200,130000,129900,129900,130000,130000,129900,130100,130400,130800,130900,130500,130100,129900,129800,129600,129300,129200,129000,128200,127600,127000,126400,126500,127300,128100,129000,128900,128000,126900,126500,126600,127000,126800,126200,126100,126700,126900,126600,126500,127200,128400,129200,129200,128400,127500,127100,127300,127400,127700,127700,127600,127200,127100,127400,128000,128600,129500,130000,130100,130300,130600,130800,130900,130900,130700,131100,131700,132200,132600,133400,133900,133600,133300,133300,133500,134000,134200,134000,134100,134400
Sangamon,83900,84700,85400,85900,85900,86100,86500,87000,87000,86900,87000,86900,86700,86800,87100,87200,87500,87800,87800,87800,87800,88100,88600,89200,89500,89700,89900,89900,90200,91000,91300,91300,91300,91200,91100,90900,90800,90900,91100,91100,91300,91300,91500,91800,92100,92700,93300,93500,94000,94300,94400,95100,96300,97000,97300,97600,98600,100000,101000,101500,102000,102500,103200,103900,103900,102900,102100,102500,102500,101900,101900,102400,102400,102500,102800,102900,102700,102700,102800,103100,103100,103000,103100,103500,103600,103300,103100,102700,102700,103500,104900,105800,106200,106300,106200,106000,106500,107200,107700,108100,108500,108800,108900,108900,109000,109500,109900,110300,110100,109300,108400,108000,108000,108600,108700,108400,108700,109500,110100,110500,111000,111700,112700,113500,113900,113700,113500,113600,114200,114700,114800,114700,114800,115100,115500,115700,115900,116100,116300,116100,116200,116800,117100,117000,117300,117400,117200,117000,116900,116700,117000,117300,117500,117500,117400,117100,116800,116500,116300,116000,115900,115700,115600,116000,114000,110500,108900,109500,109500,109800,110300,110800,111000,111100,110700,110500,110900,111700,111600,111400,111800,112200,112200,112100,112200,112400,112600,112800,113100,113500,113400,113000,113000,112900,112800,112500,112100,111800,111800,111900,112400,113000,113300,113700,114200,114200,114000,114100,114400,114600,114700,114800,114800,116300,118400,119000,118100,117500,117300,117400,117300,117400,117200,116800,116700,116700,116300,116000,116300,116800,117200,117700,118200,118700,119400,119900,120400,120800,121300,121400,121100,120700,120900,121400,122000,122400,122600,122700
Peoria,,,,,,,,,,,65600,67300,68800,70100,71400,72300,73300,73900,74100,74100,74200,74000,73800,73600,73100,72500,71900,71700,71600,71800,72400,72900,73400,74400,75700,76900,77300,77500,78200,79300,79900,79900,79400,78800,78700,78800,79000,79400,79700,79900,79900,79700,79400,79300,79600,80300,80400,80200,80500,81400,82100,82500,82500,82200,82000,82000,82400,82700,82700,82500,82200,82100,82400,83200,84100,85000,85700,85900,85800,85700,86100,86700,87300,87100,86500,85900,85900,85800,85800,86100,86900,87400,87700,87800,87900,88100,88700,89300,89900,90500,91000,91500,92100,92400,92400,93000,93300,93500,93700,93800,93600,93900,94500,94900,94700,95000,95700,96200,96800,97600,98300,98700,98700,98400,98400,98700,98800,99000,99200,99600,100100,100700,101100,101200,101600,102200,102800,103200,103700,104100,103600,102400,101500,101200,101200,101800,102500,103100,103600,104100,104600,105000,104500,103500,102800,102600,102500,102500,102600,102200,101800,101500,101400,101100,103000,106200,107900,107700,107700,107300,106600,106500,106900,107000,106700,106500,106300,105800,105100,104300,103400,102800,102300,102100,101800,101500,101100,101100,100900,100800,101300,102100,102600,102900,103100,102800,102400,102400,102700,102700,102400,102100,101700,101100,100500,100500,100900,101300,101300,101100,100900,101100,100900,100700,101200,102200,102600,102300,101500,100600,100100,100000,99800,99400,99000,98300,97800,97800,98300,99000,100000,101000,101900,102600,102900,102600,102200,102500,103200,103800,104400,104900,105200,105000,104600,104300,104200,104100
Rock Island,59600,59500,59700,59900,60100,60200,60200,60300,60500,60700,60700,60900,61200,61700,61900,62100,62300,62600,62700,62600,62600,62600,62700,62900,63000,63100,63500,63800,64100,64800,65800,66600,67700,68700,69200,69300,69400,69300,69000,68700,68600,68500,68500,68500,68600,68900,69400,70000,70500,70800,71000,71500,71900,72300,72600,72900,72600,72200,71900,72000,72600,73300,73700,74000,74200,74300,74500,75000,75300,75300,75600,76200,76500,76700,77000,77100,77100,77100,77200,77300,77500,77800,78200,78400,78600,79100,79700,80100,80600,81200,81700,82000,82300,82700,82900,82900,83000,83000,83100,83400,83700,83800,84000,84300,84900,85500,85700,86000,86200,86400,86200,86300,86600,86700,86700,87000,87000,87000,87200,87300,87300,87400,87700,88100,88400,88700,88800,88900,89100,89500,90100,90700,91100,91400,91600,91800,91700,91500,91500,91500,91300,91000,90700,90300,90400,90600,90500,90200,90400,90500,90500,90500,90500,90500,90500,90600,90700,91100,91500,91800,92100,92900,93600,93900,94600,96000,96800,96800,97200,97500,97900,98100,98000,97900,98100,98300,98500,98500,98200,98100,97600,97000,96700,96200,95500,95200,94900,94500,94000,93200,92900,93000,93200,93000,92900,93100,93400,93200,93200,93700,94100,94100,94300,94800,95100,95200,95200,95600,96400,97200,97400,97400,97300,97400,97400,97300,97400,97600,97600,97600,97700,97600,97500,97600,97800,98000,98200,97800,97400,97400,97600,97900,98000,97800,97700,97800,98000,98200,98300,98600,99300,100000,100600,101100,101500,102000,102500,103000
Tazewell,55000,56800,58300,59400,60900,63000,64700,66500,68500,70800,73100,75400,77600,79400,80700,81900,82600,83000,83400,83600,83100,82300,81800,81300,80900,80500,80100,80000,80300,80700,81300,82100,82900,83600,84500,85400,86300,87000,87600,88100,88300,88300,88300,88200,87900,87800,87900,88000,87600,87200,87200,87600,87800,87600,87400,87500,88000,88500,89000,89100,89300,90100,91000,91800,92300,92600,92900,93400,93700,94000,94300,94600,94800,95000,95200,95200,95400,95900,96400,96700,97100,97600,98000,98300,98700,99000,99200,99400,99700,99800,99900,99900,99800,100000,100300,100800,101000,101200,101600,102100,102600,103300,103900,104500,105300,106000,106200,106600,107400,108200,108800,109200,109600,110200,111000,111600,111800,112100,112500,112800,113000,113000,113200,113700,114400,114600,114600,114900,115400,115800,116300,116900,117500,118200,118800,118900,119100,119200,119300,119200,119400,119500,119400,119300,119100,118800,118600,118300,117900,117700,117900,118000,117700,117200,116800,116500,116200,115900,115500,115600,115700,115700,115600,115300,115600,116200,116400,116200,116200,116100,116000,115800,115900,115900,115900,115700,115400,115000,115100,115400,115500,115500,115800,115900,115700,115800,115900,116100,116100,116100,116000,115800,115600,115800,116100,116200,116200,115900,115700,116200,116700,116900,117200,117700,118200,118500,118400,118100,118000,118000,118200,118200,118200,118300,118400,118400,118500,118700,119000,119400,119900,120600,121000,121100,120700,120300,120100,120100,120000,119800,119900,120100,120300,120400,120300,120000,120100,120500,121200,121700,121800,121800,122000,122000,121700,121600,121600,121600
Kendall,144800,142700,141800,141800,142300,142700,143200,143800,144400,145000,145700,146600,147800,149200,150500,151200,151400,151500,151500,152000,152800,153100,153100,153800,154800,155100,154800,154600,154800,155300,155800,156000,155900,156000,156600,157300,158200,159300,160100,160700,161300,161900,162200,162400,162900,163500,164000,165000,166000,166600,167100,167900,168500,168700,168900,169600,170300,170900,171400,171800,172500,173800,175400,176600,177500,178600,180200,181800,183300,184800,186000,186900,187400,187700,188000,188500,189200,189900,191200,192700,194000,194900,195800,196800,198000,199400,200800,202100,203200,204300,205300,206000,206900,208200,209300,210400,211400,212500,213600,215000,216700,218900,221000,222100,222700,223900,225600,227400,229000,230600,232500,234900,237200,238700,239900,241200,242500,243400,243900,244200,245100,246700,247600,247700,248100,248700,249100,249800,250300,250300,250300,250700,250600,250100,249300,248300,247100,245800,244700,243500,241900,240000,238100,237100,236700,236200,234900,232800,230300,227900,225900,224500,223400,221700,220200,219300,218000,216500,214800,212800,210700,209000,207700,206300,206700,208200,208500,206100,204100,202600,201200,200400,200700,200000,198100,196000,193800,192400,191700,191100,189000,186000,184300,184100,183500,182300,181300,180700,179900,178800,177800,176900,176100,176000,176500,177400,178600,179500,179800,180300,180700,180000,179200,179800,181400,183300,184800,185300,185600,186900,188800,190700,191800,192100,192500,193500,194800,196200,196900,196900,197200,198200,198500,198000,198100,199600,201500,202800,203400,203600,204000,204300,204300,204600,205600,206400,207100,207700,208400,209300,210400,211500,212500,213200,213700,214500,215900,217500
La Salle,,,,,,,,,,,,,,,,,,,,,,,,,,,,,,,,,,,,,,,,,,,,,,,,,,,,,,,,,,,,,,,,,,,,,,,,,,,,,,,,,,,,,,,,,,,,,,,,,,,,,,,,,,,,,,,,,,,,,,,,,,,,,,,,,,,,,,,,,,,,,,,,,,,,,,,,,,,,,,,,,,,,,,,,118300,114400,111400,108500,105800,104200,103400,102700,102500,102000,101100,100400,100100,99000,98400,98900,100100,100800,100800,100700,100100,97900,96200,96600,97400,97400,97200,96800,96600,96600,96600,95900,95700,96100,96100,95800,96300,96500,96100,96100,96500,96500,96100,96000,95600,95000,94300,94000,93900,94100,94200,94100,94300,94900,95400,95800,96400,96100,95800,96100,96800,96900,96900,96600,96200,95600,95000,95200,95300,95000,94600,95000,96200,97900,99900,100800,100200,99300,99000,99000,99200
Kankakee,88000,86900,86700,86400,85700,85200,84700,84100,83800,83600,83100,82900,82900,82800,82800,83600,84700,85100,85300,85700,86300,86800,87300,87900,88800,89300,89500,89400,89600,89800,90200,90800,91200,91200,90800,90900,91300,91200,90700,90400,90200,90200,90300,90100,89800,90400,91100,90800,90200,90700,91800,92400,92100,91600,92000,92400,92700,92600,92800,93300,94400,95500,96100,96600,97400,98200,98800,99100,99700,100200,100600,101000,101000,100500,100000,100200,100800,101800,102800,103500,103700,103900,104200,104400,104800,105600,106400,106600,106800,107100,107500,108200,108900,109400,110400,112300,114000,114900,115300,115200,115300,115600,115800,116600,117900,119100,119600,119900,120300,120900,121800,123200,124300,125100,125000,124300,123900,124400,124800,125300,126600,128100,129200,130200,131300,132100,132900,133400,133600,133400,133100,132800,132300,131900,131800,132100,132000,131600,131800,132500,132500,132100,131800,130800,129000,127600,126700,125900,125600,125500,125500,125600,126500,128200,129800,130600,130900,130600,130200,129700,129400,129300,129700,129900,129300,128100,126900,126300,125600,124200,122400,120800,119800,119200,118700,117900,117100,116600,116300,116000,116100,117200,118300,119000,120200,122400,124300,126000,127600,129100,130200,131500,133300,136500,140900,144900,145200,141600,137200,133400,129400,125800,123300,120900,118500,115800,112900,110400,108900,108600,108600,108500,108900,109400,109900,111000,112900,114700,115600,116300,116800,117200,117200,117700,118900,120100,120100,119600,118300,116100,114400,113900,113900,114400,115600,116300,116300,116100,116600,117700,118800,119700,120200,120100,120300,120700,120900,121100
DeKalb,170000,171300,171200,170300,168900,167000,164400,161400,157500,153600,149500,145700,142100,138400,133900,129200,124700,120400,116400,112800,109400,106500,104300,103000,102600,102900,103400,104600,106500,109200,112500,116300,120600,125500,132000,134100,128900,123900,124200,125900,127300,128500,129600,130100,130400,130500,130100,129600,129900,130200,129700,128900,128300,128200,127900,127400,127300,127900,128400,128900,130300,131900,132900,133800,134400,135000,135600,136100,136300,136600,136900,137700,139000,140100,140400,140500,140500,140100,139700,139900,140900,141700,142100,142900,144600,146900,148500,149400,150800,152700,154600,156400,157900,159000,160200,161500,162800,163800,165000,166500,168100,169200,170000,170800,171600,172300,172800,172900,173000,173300,174000,175500,177000,178300,179500,180400,180800,181200,181800,182100,182500,183100,183800,185200,187100,188700,189600,189300,188400,188000,188200,189000,189600,189500,188600,188200,187900,187400,186800,186400,185500,183900,182200,181900,181900,181400,181500,180500,176900,173400,171600,171600,172600,173400,173600,173200,172000,171500,170300,167000,163300,161000,159500,158500,158400,158400,158600,158700,158400,156300,153200,151600,151600,151600,151200,150400,149200,147700,146000,144500,142700,141100,140300,139900,139100,138400,137700,137600,137900,138000,137400,136500,135400,134600,134100,134000,134500,134900,134800,134400,133600,132800,131900,130900,132500,136800,140400,141300,141800,142500,143800,141600,138300,137900,140100,140700,140600,140200,140000,141200,142900,143800,143800,144500,145400,145900,145800,146200,146100,145700,145900,147000,148100,148800,149100,149400,149800,149600,149300,149100,149100,149200,149700,150400,151200,151500,151700,152100
Whiteside,115900,117500,116600,109400,97200,89300,87900,87000,84500,84400,87800,89800,88100,87100,87700,88700,89800,92400,94200,95000,94600,96000,98800,98500,95100,93100,93100,94200,96200,97500,96300,94400,95100,97700,98000,98300,100300,103600,105800,107400,107600,107300,105900,107000,106400,104300,104500,106300,107500,107300,107000,108200,110500,111200,114000,116400,117200,118800,120500,120800,121100,120100,117500,116800,117600,117000,114300,110400,104600,96500,89100,85700,86000,88200,91700,92300,90800,89800,88800,86400,86800,88000,85500,80600,76800,73900,71800,70900,70700,70800,71400,72300,73300,74500,76200,78000,78400,78200,77500,76900,76900,76900,76700,76900,77100,77500,78300,79200,79500,79300,79200,79200,79000,78800,78900,79300,79500,79800,80200,80400,80300,80400,80300,79900,79500,79300,79200,79300,79800,80700,81600,82000,82100,82200,82300,82500,83000,83500,83800,84000,84000,84000,84000,84600,85600,86400,86500,86000,85400,85000,84800,84400,84700,85500,85700,85400,84900,84000,83300,83500,84300,84800,85000,85600,84700,82300,81400,82100,82100,82300,82800,83000,83100,83200,83200,82900,82900,83100,83300,83700,84200,84100,83600,83400,83300,83200,83100,82900,82600,82800,83100,83300,83000,82600,82500,82500,81600,80500,80000,79600,79500,79800,80000,79900,79900,80000,80200,80000,79500,78800,78200,77600,77700,78100,77600,76200,75300,75300,75600,76500,78300,79900,81100,82100,82400,81600,80000,78500,77600,77400,77900,78500,78600,78300,78700,79200,80100,81600,83200,84600,85500,85900,85900,85000,85100,86600,87600,87500
Boone,146800,145000,145700,143700,137900,132500,129800,128100,127200,127100,126700,126200,126000,126200,126400,127400,129200,130600,131200,131700,132400,132800,133000,133100,134000,134100,133000,131900,131200,130800,130500,129900,128800,128300,128000,127800,127700,127800,128000,128800,130100,131500,132800,134100,135100,135900,136800,137400,137700,137800,137700,137500,137600,137200,136100,135300,134900,134500,133900,134100,134800,135800,137100,138900,140300,141400,142100,142500,143000,143800,144400,145200,146300,147400,147800,147700,147600,147800,148000,148200,148400,148700,149000,149200,149000,149400,150200,150900,151600,152800,154400,156400,158500,160100,161300,162400,163000,162700,162700,163300,164500,165700,166700,167500,167900,168500,169800,171200,172100,173200,174600,175700,176600,178100,180000,181300,182200,182800,183400,183800,184000,184300,184600,184600,184300,183600,183000,183000,183300,183700,183600,183500,183600,183500,183400,183800,183900,183100,182900,183100,183000,182900,182900,182700,182900,181900,178900,176100,174600,173200,170800,168100,167400,168300,168700,167200,164800,162100,160200,158300,156700,156300,155900,155000,152000,147700,144200,142700,142300,143500,145200,146400,146800,145700,144000,142000,140000,138100,136400,134300,132400,131100,130200,128500,125600,123600,123100,122600,122400,122000,121500,121300,121100,120500,120500,120800,121200,121300,120700,121100,121900,122500,122800,123000,122700,121700,120900,120700,120600,120500,120800,121000,120800,120600,120800,121600,122700,123500,123600,124300,126400,128600,129700,130200,130400,130800,131300,131900,132600,133400,134300,135100,135500,135800,136500,137600,139100,140600,141900,143100,143700,144200,144500,144400,144500,145200,146100,146900
Coles,96500,96400,96400,96400,96400,96400,96400,96500,96500,96500,96500,96500,96500,96400,96400,96400,96400,96400,96400,96500,96500,96500,96500,96500,96500,96400,96400,96400,96400,96400,96400,96500,96500,96500,96500,96500,96500,96400,96400,96400,96400,96400,96400,96500,96500,96500,96500,96500,96500,96400,96400,96400,96400,96400,96500,96500,96500,96500,96500,96500,96500,96400,96400,96400,96400,96400,96400,96500,96500,96500,96500,96500,96400,96400,96400,96400,96400,96400,96400,96500,96500,96500,96500,96500,96500,96500,96400,96400,96400,96400,96400,96300,96400,96500,96500,96500,96500,96500,96500,96400,96400,96300,96300,96200,96300,96500,96700,96800,96800,96700,96500,96400,96300,96200,96100,95800,96000,96600,97100,97100,97100,96800,96500,96300,96200,96100,95800,95400,95700,96700,97300,97200,97200,96900,96500,96300,96200,96000,95700,95100,95500,96700,97500,97500,97500,97100,96600,96400,96100,95900,95600,95300,94400,92100,89200,86700,85800,86700,87800,87500,86800,86000,85900,87600,85100,79400,77000,78300,78200,77600,77400,77800,78100,78400,78300,78100,78800,80200,80900,80600,80300,79800,79200,78900,78800,78800,78700,78600,78800,79500,79900,79800,79500,79600,79800,79600,79200,79000,78900,78500,78800,79900,81000,81600,81900,81700,81400,81000,80600,80500,80300,79500,79400,80200,80600,80400,80500,80700,80600,80600,80900,81300,81600,81900,82800,84100,84700,84600,84600,84200,83400,83300,83000,82000,80900,80000,79500,79600,79500,79400,79600,79600,79200,79000,79500,80100,80400,80700
Ogle,,,,,,,,,,,,,,,,,,,,,,,,,,,,,,,,,,,,,,,,,,,,,,,,,,,,,,,,,,,,,,,,,,,,,,,,,,,,,,,,,,,,,,,,,,,,,,,,,,,,,,,,,,,,,,,,,,,,,,,,,,,,,,,,,,,,,,,,,,,,,,,,,,,,,,,,,,,,,,,,,141400,138500,137000,137100,136500,133600,131200,130300,129800,129900,130800,131500,132000,132000,131700,131000,128600,125200,122300,120100,118100,117200,117200,117300,117500,117300,116800,117200,117600,117000,116300,116100,116400,117300,118300,118900,119300,119700,119400,119000,118200,116800,115100,114400,114000,113800,114000,114000,113800,114100,114700,115300,115400,114500,114000,115400,117600,118700,119000,119500,119800,119400,118500,117900,116500,113700,110100,106500,102700,98700,94200,89300,84500,80000,75800,72200,69200,66100,63200,61000,59400,58200,57500,57300,57300,57200,57200,57300
Knox,,,,,,,,,,,,,,,,,,,,,,,,,,,,,,,,,,,,,,,,,,,,,,,,,,,,,,,,,,,,,,,,,,,,,,,,,,,,,,,,,,,,,,,,,,,,,,,,,,,,,,,,,,,,,,,,,,,,,,,,,,,,,,,,,,,,,,,,,,,,,,,,,,,,,,,,,,,,,,,,,91800,91900,93000,95400,93400,87700,84300,84200,82100,79700,77900,76500,74800,73000,71800,70900,69400,67800,66900,66300,65400,65000,64800,64800,64900,65100,65000,65000,65200,65500,66000,66500,66900,67000,67000,67300,67500,67500,68500,70200,70500,69800,69200,69100,69400,69900,70500,71000,71300,71400,71500,71400,71300,70800,70200,70100,70600,70900,70800,70300,70200,70500,71000,71400,71600,71600,71300,71300,71700,72300,72500,72400,73000,74100,74600,74400,74500,74500,74000,73400,72900,72200,71800,72100,72800,73400,73500,73200
Henry,,,,,,,,,,,,,,,,,,,,,,,65400,67700,70300,72700,74700,76400,77700,78800,79200,79000,78600,78000,76800,76100,75800,75500,75200,75200,75200,75300,76100,77200,78000,78500,78800,79700,81200,82900,83900,83900,83700,83400,83300,82900,82100,81000,80400,80400,80600,80500,80700,80900,80900,81200,81700,81400,81400,82700,83600,83200,82900,83000,82800,82700,83200,83100,82400,81800,81800,81600,81400,81800,82300,82600,82700,82900,83700,85000,86200,87300,88800,91000,92800,93100,93000,93400,94100,94600,94600,94700,94900,94900,94600,94400,94500,95300,96600,97700,98600,99400,99600,98500,97500,98100,98900,98800,98500,98900,98900,98900,99300,99700,99600,100000,101100,101800,101700,101100,101000,100800,101100,100800,100000,99800,100600,101500,101300,101000,100500,99700,98900,99600,99100,96900,95200,95200,94900,94400,94500,95100,95500,95600,96000,96700,97500,98400,99300,99800,100300,101100,101700,101500,101900,102700,103100,102300,102200,103200,103600,103200,103100,102700,102000,101200,101300,102100,101700,100100,99400,99800,100300,100300,100600,101100,101500,101100,100200,99400,99300,99600,99900,99800,99700,99400,99000,98600,98900,100000,101100,102400,103500,103600,103300,103600,104500,104700,104000,103700,104200,104200,103300,102800,103000,103100,102900,102500,102300,102500,102700,103000,103900,104700,104500,104200,104500,105400,106000,106000,105400,105400,106400,108200,109400,109500,108900,108700,109000,109800,110700,112000,113500,114500,115400,113800,110300,107400
Grundy,,,,,,,,,,,,,,,,,,,,,,,,,,,,,,,,,,,,,,,,,,,,,,,,,,,,,,,,,,,,,,,,,,,,,,,,,,,,,,,,,,,,,,,,,,,,,,,,,,,,,168300,169300,171300,173100,174000,174400,175800,177800,179700,181600,183200,184600,185500,186100,187500,189200,190100,190100,191200,193500,195600,196900,197600,197400,196900,197400,198700,200100,201000,201400,200200,197900,195400,194300,194700,195700,196500,196200,195200,193800,192800,192700,192900,192400,191700,190600,188800,187000,186500,186500,185900,184400,184700,186800,188000,187400,187700,188100,187600,185600,183400,182300,182100,181900,178000,171900,169000,169400,168200,167000,166600,166500,165800,165000,164900,165400,166600,168000,168600,169200,170200,170600,170300,169500,167900,165800,164700,164700,165100,165300,165300,164400,163300,162700,162600,161900,160700,159700,158800,157600,156200,155000,154100,153400,153100,153000,152900,154500,158100,160900,162000,162700,163200,162700,162900,164300,164700,162900,162000,161500,161200,161600,162300,161900,161200,161000,161100,160900,160600,161000,160600,160700,161100,163000,164400,164800,165700,168300,169800,170300,171900,174400,177200,178500,178800,178300,177900,177500
Macoupin,48500,48700,49100,49200,48600,48300,48000,47600,47100,46800,46700,46700,46500,46200,46100,46000,45700,45800,46100,46400,46700,47200,48000,48900,49800,50200,50400,50700,51500,53100,54900,56000,56200,56200,56100,55500,54600,54100,54200,54000,53800,53300,53000,53500,54200,54200,54500,55400,56500,57100,57800,58300,58000,56600,55300,54800,55300,55600,55700,55500,55800,56400,56700,56500,56800,57800,58700,59000,59500,61000,61500,60700,60400,61200,62000,63900,65700,65800,65600,66100,65700,64500,64400,64900,64700,64200,64000,63600,63900,64400,64700,64700,64800,65000,65300,65600,66000,66200,66200,66200,66600,67600,68500,68500,68700,69500,69200,68100,67600,67900,68000,67600,67100,67200,67700,68200,68600,68700,70300,73500,75400,74500,73600,73300,72000,70500,69700,69400,69200,69200,68600,67700,67600,68400,68900,69200,69800,70400,70600,70700,71100,71500,71700,71400,71300,71100,71000,70800,71200,71400,71300,71000,71200,71700,72100,71900,71200,70600,70700,70900,71000,71500,71700,72100,70600,67700,66400,67400,68300,68900,69200,69400,69500,69500,69500,69700,70400,71000,70800,69400,68200,67800,67800,68100,68300,68500,68300,68100,68500,69100,69300,69500,70200,70900,71500,71300,70100,69100,68800,68400,68400,68800,69400,69600,69400,68700,68100,68000,68400,68900,69400,69900,70200,70500,70400,70100,70200,70600,71000,71400,71800,72200,72700,73100,73800,75200,76100,76200,76500,77000,76900,76400,76300,76400,76200,75700,75300,75200,75300,75700,76300,76800,77400,77800,77500,77300,77600,78000
Livingston,66200,67900,69500,70000,70500,70400,70700,71200,71600,72000,72300,72600,72800,73100,73700,74400,74900,75100,75000,75000,75100,75100,75200,75100,74500,73600,73000,72300,71600,71400,71400,71300,71400,72100,72700,73200,73800,74600,75600,76600,77300,77400,77100,76700,76700,77000,77500,77600,77300,76900,76700,76900,77500,77900,77900,77700,77800,78400,78900,79600,80100,80000,79500,80000,80500,81000,81400,81900,81700,81500,82100,83000,83200,83500,84600,85100,84800,84900,85700,87100,87700,86800,85700,86200,87700,88900,88200,87100,87200,88300,88600,88200,88800,90300,90700,89800,89100,88700,89300,90700,92000,92500,93500,95000,96400,97400,98300,98500,98800,100000,101000,100900,100000,99500,99300,98600,97700,96800,96200,96600,96800,95700,94600,94500,94800,95000,95100,95100,95600,96800,97700,97600,97500,97600,97300,96600,96500,96400,96600,96700,96300,96000,96200,95900,95100,95000,95700,96700,96900,96600,95900,95400,95900,96900,97400,98000,98300,97800,96900,96000,95000,94100,93700,93700,91600,88500,86900,87400,87800,87800,87600,87400,87700,88500,89500,89700,89500,89200,88700,87300,86400,87100,88200,88200,87700,87100,85800,84900,85200,85900,86800,87700,88000,87500,87100,87400,87500,87200,86800,86800,87200,87500,87000,86500,86100,85900,85500,85300,85300,84900,83900,83400,84000,84500,84300,84000,84300,84300,84000,83800,83500,83000,82500,82300,82600,83300,83600,83600,83600,83400,83100,83100,83900,85500,87000,87300,86400,85200,84300,83600,83300,84000,85000,85300,84800,84900,85900,86700
Morgan,62600,62400,62100,61500,60400,59800,60200,60500,59800,59100,58800,58600,58400,58800,59800,59500,58900,58400,58100,58100,58400,58300,58500,58700,59100,59600,59600,59800,61400,62700,62800,62900,63600,64100,64800,66000,66900,66800,66800,67200,67100,65800,64800,64600,64500,63800,62300,60900,59700,58900,58500,57900,57000,55900,54400,52500,51400,51000,50800,51000,51300,51100,50900,51800,52600,53700,54900,56300,57900,59600,61000,61900,62700,63700,65100,66200,67400,68500,69300,69800,69700,69400,69100,69200,69400,69700,69300,68800,68700,69300,70600,71900,73000,73900,74800,75300,75700,75800,75800,75700,75700,75700,75700,75200,74800,75100,75700,75900,75900,76400,76800,77200,77300,77400,78100,78700,78700,78500,78400,78400,78500,78300,78100,77900,77700,77100,76600,76300,76300,76200,76100,75900,75700,75900,76400,77500,78900,79700,80000,80400,80800,81500,82600,83500,84200,85500,87100,87400,86800,86700,86800,86800,87800,88900,88500,87600,86700,85600,83700,82100,81400,81300,80700,80100,78900,77300,76800,77300,77700,77600,77600,77400,76800,76100,76100,76200,76200,76000,75500,74800,74100,74000,74700,75800,76900,77100,76900,76800,76600,75800,75200,74700,74200,73700,73300,73100,72600,72700,73400,73800,73700,74300,75000,75800,76900,77700,77900,78000,78500,78600,78200,77600,77400,77800,78300,78700,79000,79700,80500,80900,80700,80300,80100,80300,80800,81200,81200,81300,81400,81100,80400,80600,81600,82700,83100,83700,84700,85500,85600,86100,86700,86700,86100,85300,85000,85500,86000,86300
Effingham,73900,74900,76400,76900,76600,76300,75300,74100,73100,73400,73400,72900,72300,72500,73100,73700,73200,73900,75900,76100,75500,76200,76900,77000,77400,77500,77100,78100,78900,77700,76500,76600,76400,76300,75400,73000,70800,69800,68300,67000,66400,65000,63000,61800,61200,59800,59100,59600,60000,59600,60000,60400,61300,63300,65700,67700,70200,72500,74700,76700,78900,81700,83800,85300,86600,86500,85500,85600,85800,86000,85700,85400,84800,83900,83000,82500,81900,82200,82400,82300,82400,82400,83100,84100,85400,86000,87000,88600,90400,91500,92700,93700,93700,93200,93000,93400,93600,93300,93000,92600,92100,92100,92500,92600,92900,93500,93900,94200,95300,96500,96800,96700,96800,97000,97000,96600,96700,97200,97900,99000,99800,101000,102000,102400,102500,104200,106500,108900,111400,115100,118300,118800,117600,117000,117300,117600,118200,118300,117900,118000,119500,121100,122100,121900,121900,122900,125500,128900,131400,132400,133600,133700,131700,128900,126800,125900,125500,124700,122600,120400,118600,117800,117500,118100,115500,110800,108300,109100,109700,109200,107700,106700,106800,106600,105800,104900,105500,106100,105600,103700,102800,102800,103600,103900,103700,103400,102500,102700,104600,107100,109200,111600,113800,114900,115300,115500,115300,115200,115500,115700,115600,116000,116200,116200,116400,117100,117700,117100,116100,115600,115800,115400,115000,115100,115400,115200,114700,114000,114100,115300,116600,117200,117300,117400,118200,119100,119800,120100,120300,120200,120300,120400,120800,121400,121800,121800,122100,122600,123000,123300,123800,124400,124900,125400,126100,126600,127000,127300
Monroe,,,,,,,,,,,104400,104100,103800,104200,102600,99800,98500,99600,101200,103800,105700,105800,106200,106900,107000,107200,107500,106300,105900,106900,108700,110100,110700,112400,113500,112400,108600,106500,106000,107200,106900,106700,108500,110600,110700,111300,114900,119400,122100,121600,121200,120700,119800,118400,118000,118700,119500,118300,116700,116500,117800,117700,117300,117800,118800,120600,123600,125700,124700,123600,122900,122900,123300,123700,124300,125500,127200,127800,128300,128200,128900,128800,128100,128400,129000,129100,129900,132900,135700,135700,133500,132200,134700,141100,146800,150300,153800,158300,161900,164100,166100,168400,169700,170400,170500,170400,170700,170900,171300,172700,173500,173100,173200,174300,175900,177400,178000,177700,178000,178200,178400,178500,177900,176500,175400,175600,176300,177600,178700,179300,179300,179200,179200,179500,179800,180600,182000,183600,184800,185000,184500,184200,184000,183800,183800,183700,183800,183900,183000,180800,179100,178500,178200,177400,176400,175400,174500,173500,172800,171900,170700,170100,169700,168300,167000,166400,165900,165100,164500,163800,162700,161300,160300,160000,159900,159800,159800,159400,158900,158400,158100,158300,159300,160500,160800,160500,160700,161200,161200,161300,161800,162000,161400,161000,161000,161100,161200,161400,161300,161000,160500,160500,160900,161900,163100,164600,165500,165800,165900,166500,167200,167500,167400,167800,168200,168200,168300,169100,170200,172400,175900,178500,178700,177300,175800,174400,174400,174700,174900,172500,168800,165400,163600,163200,164600,165300,164100,161700,159600,157500,155000,152500,149600,145700,141300,136600,132000,128100
Dewitt,,,,,,,,,,,,,,,,,,,,,,,,,,,,,,,,,,,,,,,,,,,,,,,,,,,,,,,,,,,,,,,,,,,,,,,,,,,,,,,,,,,,,,,,,,,,,,,,,,,,,,,,,,,,,,,,,,,,,,,,,,,,,,,,,,,,,,,,,,,,,,,,,,,,,,,,,,,,,,,,,,,,,,,,86300,83400,81100,79600,78300,77100,76600,76500,76500,76300,76400,77200,78600,80200,80000,77600,76100,76500,76700,76700,76700,76200,75500,75600,77000,78300,79300,80400,81000,80300,79800,80100,81300,82000,82400,83200,83400,82100,81300,81700,82700,83800,84000,83500,82800,82200,81700,80900,80100,79500,80000,80900,80800,80300,80800,81700,82100,82000,81500,81000,80900,81600,82700,83300,83900,84400,84400,83800,83600,83100,82200,81900,82500,82700,82700,83200,83400,83200,83100,82700,82000